{
  "Layers": [
    {
      "Neurons": [
        [
          0.48935445660560734,
          0.47306457460498763,
          0.5512244980532911
        ],
        [
          0.12859536776243394,
          0.014678946205550844,
          0.07343519577564708
        ],
        [
          0.5259838441289597,
          0.11229686893876353,
          0.345317220371147
        ]
      ],
      "Bias": [
        0.5727968450200163,
        0.21636821632684183,
        0.8412668526867947
      ],
      "ActivationFunction": "sigmoidactivation",
      "NeuronCount": 3,
      "WeightCount": 3
    },
    {
      "Neurons": [
        [
          0.14342147928461846,
          0.19352236796897807,
          0.1817713910109809
        ],
        [
          0.42567150367041745,
          0.283949592279921,
          0.44431882021769414
        ],
        [
          0.2149830074049592,
          0.12846237027495322,
          0.9204246731220839
        ]
      ],
      "Bias": [
        0.13722753158850753,
        0.15323169317887766,
        0.24266576723670685
      ],
      "ActivationFunction": "sigmoidactivation",
      "NeuronCount": 3,
      "WeightCount": 3
    },
    {
      "Neurons": [
        [
          0.941120423256914,
          0.250878337991655,
          0.8585563217293487
        ],
        [
          0.22458378234820267,
          0.6995676235322547,
          0.8460950478102525
        ],
        [
          0.07394601378185894,
          0.09008254956924897,
          0.5247529941736468
        ]
      ],
      "Bias": [
        0.4382911793980884,
        0.5548028187552572,
        0.12046167068800978
      ],
      "ActivationFunction": "sigmoidactivation",
      "NeuronCount": 3,
      "WeightCount": 3
    },
    {
      "Neurons": [
        [
          0.30037952023072223,
          -0.34894335468739396,
          -0.31612480028848966
        ],
        [
          -0.014065502329886573,
          -0.07131776706263582,
          0.24300370494613
        ],
        [
          0.2183253342258528,
          -0.0656294246253455,
          -0.24981277287833845
        ]
      ],
      "Bias": [
        0.30676989706485025,
        -0.08607320367435642,
        -0.23735849699888512
      ],
      "ActivationFunction": "sigmoidactivation",
      "NeuronCount": 3,
      "WeightCount": 3
    }
  ],
  "Depth": 4,
  "LastLayer": {
    "Neurons": [
      [
        0.30037952023072223,
        -0.34894335468739396,
        -0.31612480028848966
      ],
      [
        -0.014065502329886573,
        -0.07131776706263582,
        0.24300370494613
      ],
      [
        0.2183253342258528,
        -0.0656294246253455,
        -0.24981277287833845
      ]
    ],
    "Bias": [
      0.30676989706485025,
      -0.08607320367435642,
      -0.23735849699888512
    ],
    "ActivationFunction": "sigmoidactivation",
    "NeuronCount": 3,
    "WeightCount": 3
  },
  "FirstLayer": {
    "Neurons": [
      [
        0.48935445660560734,
        0.47306457460498763,
        0.5512244980532911
      ],
      [
        0.12859536776243394,
        0.014678946205550844,
        0.07343519577564708
      ],
      [
        0.5259838441289597,
        0.11229686893876353,
        0.345317220371147
      ]
    ],
    "Bias": [
      0.5727968450200163,
      0.21636821632684183,
      0.8412668526867947
    ],
    "ActivationFunction": "sigmoidactivation",
    "NeuronCount": 3,
    "WeightCount": 3
  }
}